,wife_religion,wife_religion,wife_religion,wife_religion,wife_religion,wife_religion,wife_religion,wife_religion,wife_working,wife_working,wife_working,wife_working,wife_working,wife_working,wife_working,wife_working,media_exposure,media_exposure,media_exposure,media_exposure,media_exposure,media_exposure,media_exposure,media_exposure,age_children_interaction,age_children_interaction,age_children_interaction,age_children_interaction,age_children_interaction,age_children_interaction,age_children_interaction,age_children_interaction,edu_interaction,edu_interaction,edu_interaction,edu_interaction,edu_interaction,edu_interaction,edu_interaction,edu_interaction
,count,mean,std,min,25%,50%,75%,max,count,mean,std,min,25%,50%,75%,max,count,mean,std,min,25%,50%,75%,max,count,mean,std,min,25%,50%,75%,max,count,mean,std,min,25%,50%,75%,max
Cluster,,,,,,,,,,,,,,,,,,,,,,,,,,,,,,,,,,,,,,,,
0,94.0,0.23272890433858198,0.6959749954410391,-2.4184369351509507,0.4134902115765047,0.4134902115765047,0.4134902115765047,0.4134902115765047,94.0,0.0004555245447286667,1.00510512108747,-1.706933291742378,-1.1337384748459922,0.5858459758431652,0.5858459758431652,0.5858459758431652,94.0,3.3958673256794105,1.7858816092294236e-15,3.3958673256794087,3.3958673256794087,3.3958673256794087,3.3958673256794087,3.3958673256794087,94.0,0.44246469651445935,1.1473057149693735,-1.122926799941469,-0.4335243548686426,0.08410778402442226,1.1518691467634798,3.575223196110384,94.0,-1.1515144838225337,0.8266844539981277,-1.9566798562255339,-1.7543120888301273,-1.3495765540393145,-0.9448410192485018,1.0788366547055621
1,1084.0,-0.02018128875260747,1.0203016567278222,-2.4184369351509507,0.4134902115765047,0.4134902115765047,0.4134902115765047,0.4134902115765047,1084.0,-3.950120590807821e-05,1.0004837253367405,-1.706933291742378,-1.706933291742378,0.5858459758431652,0.5858459758431652,0.5858459758431652,1084.0,-0.29447557990208884,1.110735474698429e-16,-0.29447557990208895,-0.29447557990208895,-0.29447557990208895,-0.29447557990208895,-0.29447557990208895,1084.0,-0.03836870984534981,0.9778641727450686,-1.122926799941469,-0.7143920176760904,-0.31514211682583404,0.39979375213857843,6.0078621268724115,1084.0,0.09985457701044116,0.9507697175442185,-1.9566798562255339,-0.540105484457689,0.26936558512393655,1.0788366547055621,1.0788366547055621
