antecedents,consequents,antecedent support,consequent support,support,confidence,lift,leverage,conviction,zhangs_metric,total_items,coverage
"frozenset({'age_children_interaction_(164.0, 768.0]', 'standard_of_living_index_2'})",frozenset({'husband_occupation_2'}),0.15841584158415842,0.33663366336633666,0.10891089108910891,0.6875,2.0422794117647056,0.05558278600137241,2.1227722772277224,0.6064171122994653,3,0.15841584158415842
"frozenset({'husband_occupation_2', 'age_children_interaction_(164.0, 768.0]'})",frozenset({'standard_of_living_index_2'}),0.1782178217821782,0.3564356435643564,0.10891089108910891,0.6111111111111112,1.7145061728395063,0.045387707087540446,1.6548797736916552,0.507119386637459,3,0.1782178217821782
