antecedents,consequents,antecedent support,consequent support,support,confidence,lift,leverage,conviction,zhangs_metric,total_items,coverage,rule_set
"frozenset({'Cluster_(0.0, 2.0]', 'standard_of_living_index_4'})","frozenset({'edu_interaction_(12.0, 16.0]'})",0.11608961303462322,0.3693143245078072,0.07603530210454854,0.6549707602339181,1.7734778121775023,0.03316174508429393,1.8279195001553383,0.4934167215273205,3,0.0,"frozenset({'Cluster_(0.0, 2.0]', 'standard_of_living_index_4', 'edu_interaction_(12.0, 16.0]'})"
"frozenset({'age_children_interaction_(87.0, 164.0]', 'edu_interaction_(12.0, 16.0]'})",frozenset({'standard_of_living_index_4'}),0.10658520027155464,0.46435845213849286,0.0855397148676171,0.802547770700637,1.7282936640965472,0.03604597624864672,2.7127652585244073,0.47166739036039945,3,0.0,"frozenset({'age_children_interaction_(87.0, 164.0]', 'edu_interaction_(12.0, 16.0]', 'standard_of_living_index_4'})"
"frozenset({'Cluster_(0.0, 2.0]', 'edu_interaction_(12.0, 16.0]'})",frozenset({'standard_of_living_index_4'}),0.09572301425661914,0.46435845213849286,0.07603530210454854,0.7943262411347518,1.710588528057733,0.031585511370313984,2.604326146499052,0.45937902187902185,3,0.0,"frozenset({'Cluster_(0.0, 2.0]', 'standard_of_living_index_4', 'edu_interaction_(12.0, 16.0]'})"
"frozenset({'standard_of_living_index_4', 'age_children_interaction_(87.0, 164.0]'})","frozenset({'edu_interaction_(12.0, 16.0]'})",0.13985064494229463,0.3693143245078072,0.0855397148676171,0.6116504854368933,1.6561786122215878,0.03389086839877238,1.6240156143923967,0.46061813307275024,3,0.0,"frozenset({'standard_of_living_index_4', 'edu_interaction_(12.0, 16.0]', 'age_children_interaction_(87.0, 164.0]'})"
"frozenset({'age_children_interaction_(164.0, 768.0]', 'edu_interaction_(12.0, 16.0]'})",frozenset({'standard_of_living_index_4'}),0.06856754921928038,0.46435845213849286,0.05227427019687712,0.7623762376237624,1.6417839152336287,0.020434349174482162,2.2541581805838424,0.4196830865927076,3,0.0,"frozenset({'standard_of_living_index_4', 'age_children_interaction_(164.0, 768.0]', 'edu_interaction_(12.0, 16.0]'})"
"frozenset({'husband_occupation_2', 'edu_interaction_(12.0, 16.0]'})",frozenset({'standard_of_living_index_4'}),0.08282416836388323,0.46435845213849286,0.06042090970807875,0.7295081967213115,1.5710023008340523,0.021960807086968,1.9802505708819356,0.3962857309192525,3,0.0,"frozenset({'husband_occupation_2', 'standard_of_living_index_4', 'edu_interaction_(12.0, 16.0]'})"
