antecedents,consequents,antecedent support,consequent support,support,confidence,lift,leverage,conviction,zhangs_metric,total_items,coverage
"frozenset({'age_children_interaction_(44.0, 90.0]', 'edu_interaction_(6.0, 12.0]'})",frozenset({'husband_occupation_2'}),0.0990990990990991,0.26576576576576577,0.06306306306306306,0.6363636363636364,2.394453004622496,0.036725915104293475,2.019144144144144,0.6464285714285714,3,0.0990990990990991
"frozenset({'age_children_interaction_(44.0, 90.0]', 'husband_occupation_2'})","frozenset({'edu_interaction_(6.0, 12.0]'})",0.09009009009009009,0.35135135135135137,0.06306306306306306,0.7,1.9923076923076921,0.03140978816654492,2.162162162162162,0.5473833097595473,3,0.09009009009009009
"frozenset({'standard_of_living_index_4', 'edu_interaction_(6.0, 12.0]'})",frozenset({'husband_occupation_2'}),0.16216216216216217,0.26576576576576577,0.07657657657657657,0.47222222222222215,1.7768361581920902,0.033479425371317255,1.3911806543385488,0.5218216318785578,3,0.16216216216216217
frozenset({'standard_of_living_index_2'}),frozenset({'husband_occupation_3'}),0.16666666666666666,0.38288288288288286,0.10810810810810811,0.6486486486486487,1.6941176470588237,0.04429429429429431,1.7564102564102566,0.49166666666666675,2,0.16666666666666666
"frozenset({'Cluster_(4.0, 5.0]', 'standard_of_living_index_2'})",frozenset({'husband_occupation_3'}),0.16666666666666666,0.38288288288288286,0.10810810810810811,0.6486486486486487,1.6941176470588237,0.04429429429429431,1.7564102564102566,0.49166666666666675,3,0.16666666666666666
frozenset({'standard_of_living_index_2'}),"frozenset({'husband_occupation_3', 'Cluster_(4.0, 5.0]'})",0.16666666666666666,0.38288288288288286,0.10810810810810811,0.6486486486486487,1.6941176470588237,0.04429429429429431,1.7564102564102566,0.49166666666666675,3,0.16666666666666666
"frozenset({'husband_occupation_2', 'edu_interaction_(6.0, 12.0]'})","frozenset({'age_children_interaction_(44.0, 90.0]'})",0.13963963963963963,0.2747747747747748,0.06306306306306306,0.45161290322580644,1.6435748281332627,0.02469361253145036,1.3224695283518813,0.4551234106207927,3,0.13963963963963963
"frozenset({'age_children_interaction_(90.0, 168.0]', 'edu_interaction_(12.0, 16.0]'})",frozenset({'standard_of_living_index_4'}),0.1036036036036036,0.509009009009009,0.08558558558558559,0.8260869565217391,1.6229318968834165,0.03285041798555312,2.823198198198198,0.4281935995768315,3,0.1036036036036036
