level_1,antecedents,consequents,antecedent support,consequent support,support,confidence,lift,leverage,conviction,zhangs_metric,total_items,coverage
11,frozenset({'standard_of_living_index_2'}),frozenset({'husband_occupation_3'}),0.16176470588235295,0.375,0.09558823529411764,0.5909090909090908,1.5757575757575755,0.03492647058823528,1.5277777777777775,0.43589743589743574,2,0.16176470588235295
13,"frozenset({'Cluster_(3.0, 4.0]', 'standard_of_living_index_2'})",frozenset({'husband_occupation_3'}),0.16176470588235295,0.375,0.09558823529411764,0.5909090909090908,1.5757575757575755,0.03492647058823528,1.5277777777777775,0.43589743589743574,3,0.16176470588235295
14,frozenset({'standard_of_living_index_2'}),"frozenset({'husband_occupation_3', 'Cluster_(3.0, 4.0]'})",0.16176470588235295,0.375,0.09558823529411764,0.5909090909090908,1.5757575757575755,0.03492647058823528,1.5277777777777775,0.43589743589743574,3,0.16176470588235295
45,"frozenset({'age_children_interaction_(42.0, 87.0]', 'edu_interaction_(6.0, 12.0]'})",frozenset({'husband_occupation_2'}),0.08455882352941177,0.2757352941176471,0.05514705882352941,0.6521739130434782,2.3652173913043475,0.03183120674740484,2.082261029411764,0.6305220883534136,3,0.08455882352941177
46,"frozenset({'age_children_interaction_(42.0, 87.0]', 'husband_occupation_2'})","frozenset({'edu_interaction_(6.0, 12.0]'})",0.08455882352941177,0.3492647058823529,0.05514705882352941,0.6521739130434782,1.8672768878718533,0.025613646193771624,1.8708639705882348,0.5073627844712182,3,0.08455882352941177
56,"frozenset({'standard_of_living_index_3', 'edu_interaction_(12.0, 16.0]'})","frozenset({'age_children_interaction_(42.0, 87.0]'})",0.11029411764705882,0.2647058823529412,0.051470588235294115,0.4666666666666667,1.762962962962963,0.02227508650519031,1.3786764705882355,0.48642266824085006,3,0.11029411764705882
