level_1,antecedents,consequents,antecedent support,consequent support,support,confidence,lift,leverage,conviction,zhangs_metric,total_items,coverage
11,frozenset({'standard_of_living_index_2'}),frozenset({'husband_occupation_3'}),0.1660377358490566,0.3849056603773585,0.09811320754716982,0.5909090909090909,1.535204991087344,0.03420434318262727,1.5035639412997903,0.4180299338670379,2,0.1660377358490566
13,"frozenset({'Cluster_(5.0, 8.0]', 'standard_of_living_index_2'})",frozenset({'husband_occupation_3'}),0.1660377358490566,0.3849056603773585,0.09811320754716982,0.5909090909090909,1.535204991087344,0.03420434318262727,1.5035639412997903,0.4180299338670379,3,0.1660377358490566
14,frozenset({'standard_of_living_index_2'}),"frozenset({'husband_occupation_3', 'Cluster_(5.0, 8.0]'})",0.1660377358490566,0.3849056603773585,0.09811320754716982,0.5909090909090909,1.535204991087344,0.03420434318262727,1.5035639412997903,0.4180299338670379,3,0.1660377358490566
45,"frozenset({'edu_interaction_(6.0, 12.0]', 'age_children_interaction_(42.0, 87.0]'})",frozenset({'husband_occupation_2'}),0.08679245283018867,0.2830188679245283,0.05660377358490566,0.6521739130434783,2.3043478260869565,0.03203987184051264,2.061320754716981,0.6198347107438017,3,0.08679245283018867
46,"frozenset({'husband_occupation_2', 'age_children_interaction_(42.0, 87.0]'})","frozenset({'edu_interaction_(6.0, 12.0]'})",0.08679245283018867,0.35094339622641507,0.05660377358490566,0.6521739130434783,1.8583450210378682,0.02614453542185832,1.866037735849057,0.5057851239669423,3,0.08679245283018867
